"BatchId","ReviewRowId","System","Surface","CurrentFile","Symbol","HookOrDependency","Risk","Decision","CompatibilityEvidence","Verification","Notes"
"POST-BATCH-TCD-02","TCD02-001","Town Crier logging","Region journey admission","Data/Scripts/System/Misc/Logs.cs","LoggingFunctions.LogRegions; ShouldRecordJourney","Region.OnEnter/OnExit; Mobile.NetState; LoggingFunctions.LogEvent","High","Fixed","Connected players retain entry/exit messages; only Player-level PlayerMobile sessions can write journey news.","PassedHarness; PassedRealSaveSmoke","Disconnected world-load region rebinding no longer writes Info/journies.txt, reaches TownHerald source data, or queues Discord."
"POST-BATCH-TCD-02","TCD02-002","Town Crier logging","Minute wanted-register rebuild","Data/Scripts/System/Misc/Logs.cs","StatusPage.OnTick; LoggingFunctions.LogKillers","Custom Timer; Accounts; Info/murderers.txt; TownCrierDiscord","Medium","Fixed","Each successfully written murderer line keeps its existing file prose and supplies serial identity, display prose, and murder count to the bridge.","PassedBuild; PassedStatic","Failed or empty LogEvent results do not enter the structured snapshot."
"POST-BATCH-TCD-02","TCD02-003","Town Crier Discord","Wanted state and ranking","Data/Scripts/Custom/Integrations/Discord/TownCrierDiscord.cs","QueueWantedRoster; WantedRosterSnapshot; BuildInitialWantedEventText; BuildWantedEventText","StatusPage minute snapshot; memory-only baseline","Medium","Fixed","Public QueueWantedRoster(IList<string>) remains; the structured overload is internal and adds no persisted state.","PassedHarness","Initial nonempty state reports total plus top five by murder count then display name; later posts contain additions, removals, or count changes only."
"POST-BATCH-TCD-02","TCD02-004","Town Crier Discord","Pending latest-state policy","Data/Scripts/Custom/Integrations/Discord/TownCrierDiscord.cs","ReplacePendingWantedLocked; PrepareWantedEventsLocked; RecordSuccessfulDedupeLocked","Five-event queue; delivery callback; reload generation","High","Fixed","At most one unsent Wanted snapshot is retained; the baseline advances only after successful delivery and survives reload but not restart.","PassedHarness","Pending replacement, failure recovery, title-only silence, all-clear, reload, and restart behavior passed deterministic checks."
"POST-BATCH-TCD-02","TCD02-005","Town Crier Discord","Discord message formatting","Data/Scripts/Custom/Integrations/Discord/TownCrierDiscord.cs","AppendWantedClauses; CompactWantedDisplay; BuildMessage; BuildPayload","Discord 2000-character limit; Markdown; allowed_mentions","Medium","Fixed","Existing category labels, escaping, mention disabling, digest ordering, and overflow policy remain in place.","PassedHarness","Wanted changes use complete clauses with an explicit additional-change count; Unicode-safe compact names avoid full-roster truncation."
"POST-BATCH-TCD-02","TCD02-006","Town Crier Discord","Worker transport and administrator command","Data/Scripts/Custom/Integrations/Discord/TownCrierDiscord.cs","Initialize; TownCrierDiscord_OnCommand; StartSendLocked; SendCallback; CompleteSend","Administrator command; ThreadPool; Server.Timer; HttpWebRequest","High","ReviewedNoChange","Command access, sanitized status, cooldown, Retry-After handling, three-retry ceiling, and permanent-disable responses are unchanged.","PassedBuild; PriorTransportHarness","No webhook URL, event text, serial identity, or fingerprint is exposed through status."
"POST-BATCH-TCD-02","TCD02-007","Town Crier privacy","Player visibility and TownHerald boundary","Data/Scripts/System/Misc/Logs.cs; Data/Scripts/Mobiles/Civilized/TownHerald.cs","PublicMyRunUO; LogRegions; TownHerald.OnMovement","Info logs; Discord companion feed; NPC speech","High","FixedAndReviewedNoChange","PublicMyRunUO remains authoritative; TownHerald source, speech hook, and serialization are unchanged.","PassedStatic","Offline rebinding is rejected before LogEvent, so neither file/TownHerald input nor Discord receives false journeys."
"POST-BATCH-TCD-02","TCD02-008","Player deaths and persistence","Death hook and serializers","Data/Scripts/Mobiles/Base/PlayerMobile.cs; Data/Scripts/Items/Traps/KillerTile.cs; Data/Scripts/System/Regions/MoonCore.cs","PlayerMobile.OnBeforeDeath; KillerTile.Serialize/Deserialize; environmental death context","Death publication; world save","High","ReviewedNoChange","No death-hook, KillerTile, MoonCore, PlayerMobile, namespace, type, constructor, serializer, or world-save layout changed in this batch.","PassedStatic","POST-BATCH-TCD-01 single cause-aware Deaths behavior remains intact; live KillerTile recheck remains staging."
"POST-BATCH-TCD-02","TCD02-009","Town Crier deployment","Project/config/docs boundary","Data/Scripts/Scripts.csproj; Data/System/CFG/town-crier-discord.example.cfg; docs/wiki/Town_Crier_Discord.md","Compile Include; safe defaults; ignored local configuration","Runtime script compiler; IDE project; deployment owner","Low","Fixed","Existing script include and committed five-minute/15-minute safe defaults are unchanged; no secret or persistent state was added.","PassedProjectTruth; PassedBuild","Test-shard one-minute cadence remains an ignored deployment setting; production documentation retains five minutes."
