position,setting,source_default,checked_in_value,evidence,caveat
5,FloorTrapTrigger,20,20,Data/Scripts/System/Misc/Settings.cs:Configure; Info/settings.xml positional entry 5,Raw config input; getter clamps/logic and callers may change its effect; live deployment unverified
6,GetUnidentifiedChance,50,30,Data/Scripts/System/Misc/Settings.cs:Configure; Info/settings.xml positional entry 6,Raw config input; getter clamps/logic and callers may change its effect; live deployment unverified
7,NoMacroing,false,false,Data/Scripts/System/Misc/Settings.cs:Configure; Info/settings.xml positional entry 7,Raw config input; getter clamps/logic and callers may change its effect; live deployment unverified
8,StatGain,33.3,33.3,Data/Scripts/System/Misc/Settings.cs:Configure; Info/settings.xml positional entry 8,Raw config input; getter clamps/logic and callers may change its effect; live deployment unverified
9,StatGainDelay,15.0,0.0,Data/Scripts/System/Misc/Settings.cs:Configure; Info/settings.xml positional entry 9,Raw config input; getter clamps/logic and callers may change its effect; live deployment unverified
10,PetStatGainDelay,5.0,5.0,Data/Scripts/System/Misc/Settings.cs:Configure; Info/settings.xml positional entry 10,Raw config input; getter clamps/logic and callers may change its effect; live deployment unverified
11,GetTimeBetweenQuests,60,60,Data/Scripts/System/Misc/Settings.cs:Configure; Info/settings.xml positional entry 11,Raw config input; getter clamps/logic and callers may change its effect; live deployment unverified
12,GetTimeBetweenArtifactQuests,20160,8640,Data/Scripts/System/Misc/Settings.cs:Configure; Info/settings.xml positional entry 12,Raw config input; getter clamps/logic and callers may change its effect; live deployment unverified
13,GetGoldCutRate,25,25,Data/Scripts/System/Misc/Settings.cs:Configure; Info/settings.xml positional entry 13,Raw config input; getter clamps/logic and callers may change its effect; live deployment unverified
14,AllowMacroResources,true,true,Data/Scripts/System/Misc/Settings.cs:Configure; Info/settings.xml positional entry 14,Raw config input; getter clamps/logic and callers may change its effect; live deployment unverified
15,CreaturesSearching,true,true,Data/Scripts/System/Misc/Settings.cs:Configure; Info/settings.xml positional entry 15,Raw config input; getter clamps/logic and callers may change its effect; live deployment unverified
16,GuardsSentenceDeath,false,false,Data/Scripts/System/Misc/Settings.cs:Configure; Info/settings.xml positional entry 16,Raw config input; getter clamps/logic and callers may change its effect; live deployment unverified
17,GuardsPatrolOutside,false,true,Data/Scripts/System/Misc/Settings.cs:Configure; Info/settings.xml positional entry 17,Raw config input; getter clamps/logic and callers may change its effect; live deployment unverified
18,GuardsSprint,true,true,Data/Scripts/System/Misc/Settings.cs:Configure; Info/settings.xml positional entry 18,Raw config input; getter clamps/logic and callers may change its effect; live deployment unverified
19,NoMountsInCertainRegions,true,true,Data/Scripts/System/Misc/Settings.cs:Configure; Info/settings.xml positional entry 19,Raw config input; getter clamps/logic and callers may change its effect; live deployment unverified
20,AllowAlienChoice,true,true,Data/Scripts/System/Misc/Settings.cs:Configure; Info/settings.xml positional entry 20,Raw config input; getter clamps/logic and callers may change its effect; live deployment unverified
23,DamageToPets,1.0,1.0,Data/Scripts/System/Misc/Settings.cs:Configure; Info/settings.xml positional entry 23,Raw config input; getter clamps/logic and callers may change its effect; live deployment unverified
24,CriticalToPets,0,5,Data/Scripts/System/Misc/Settings.cs:Configure; Info/settings.xml positional entry 24,Raw config input; getter clamps/logic and callers may change its effect; live deployment unverified
25,SpellDamageIncreaseVsMonsters,200,200,Data/Scripts/System/Misc/Settings.cs:Configure; Info/settings.xml positional entry 25,Raw config input; getter clamps/logic and callers may change its effect; live deployment unverified
26,SpellDamageIncreaseVsPlayers,100,100,Data/Scripts/System/Misc/Settings.cs:Configure; Info/settings.xml positional entry 26,Raw config input; getter clamps/logic and callers may change its effect; live deployment unverified
28,QuestRewardModifier,150,150,Data/Scripts/System/Misc/Settings.cs:Configure; Info/settings.xml positional entry 28,Raw config input; getter clamps/logic and callers may change its effect; live deployment unverified
29,PlayerLevelMod,2.0,2.0,Data/Scripts/System/Misc/Settings.cs:Configure; Info/settings.xml positional entry 29,Raw config input; getter clamps/logic and callers may change its effect; live deployment unverified
31,Quest,true,true,Data/Scripts/System/Misc/Settings.cs:Configure; Info/settings.xml positional entry 31,Raw config input; getter clamps/logic and callers may change its effect; live deployment unverified
32,FastFriends,true,true,Data/Scripts/System/Misc/Settings.cs:Configure; Info/settings.xml positional entry 32,Raw config input; getter clamps/logic and callers may change its effect; live deployment unverified
33,FriendsAvoidHeels,true,false,Data/Scripts/System/Misc/Settings.cs:Configure; Info/settings.xml positional entry 33,Raw config input; getter clamps/logic and callers may change its effect; live deployment unverified
34,FriendsGuardFriends,true,true,Data/Scripts/System/Misc/Settings.cs:Configure; Info/settings.xml positional entry 34,Raw config input; getter clamps/logic and callers may change its effect; live deployment unverified
35,BoatDecay,365.0,365.0,Data/Scripts/System/Misc/Settings.cs:Configure; Info/settings.xml positional entry 35,Raw config input; getter clamps/logic and callers may change its effect; live deployment unverified
36,HomeDecay,365.0,365.0,Data/Scripts/System/Misc/Settings.cs:Configure; Info/settings.xml positional entry 36,Raw config input; getter clamps/logic and callers may change its effect; live deployment unverified
37,HousesDecay,false,false,Data/Scripts/System/Misc/Settings.cs:Configure; Info/settings.xml positional entry 37,Raw config input; getter clamps/logic and callers may change its effect; live deployment unverified
38,HousesPerAccount,5,-1,Data/Scripts/System/Misc/Settings.cs:Configure; Info/settings.xml positional entry 38,Raw config input; getter clamps/logic and callers may change its effect; live deployment unverified
40,SellChance,50,50,Data/Scripts/System/Misc/Settings.cs:Configure; Info/settings.xml positional entry 40,Raw config input; getter clamps/logic and callers may change its effect; live deployment unverified
41,SellCommonChance,80,80,Data/Scripts/System/Misc/Settings.cs:Configure; Info/settings.xml positional entry 41,Raw config input; getter clamps/logic and callers may change its effect; live deployment unverified
42,SellRareChance,25,25,Data/Scripts/System/Misc/Settings.cs:Configure; Info/settings.xml positional entry 42,Raw config input; getter clamps/logic and callers may change its effect; live deployment unverified
43,SellVeryRareChance,5,5,Data/Scripts/System/Misc/Settings.cs:Configure; Info/settings.xml positional entry 43,Raw config input; getter clamps/logic and callers may change its effect; live deployment unverified
44,BuyChance,50,50,Data/Scripts/System/Misc/Settings.cs:Configure; Info/settings.xml positional entry 44,Raw config input; getter clamps/logic and callers may change its effect; live deployment unverified
45,BuyCommonChance,80,80,Data/Scripts/System/Misc/Settings.cs:Configure; Info/settings.xml positional entry 45,Raw config input; getter clamps/logic and callers may change its effect; live deployment unverified
46,BuyRareChance,70,70,Data/Scripts/System/Misc/Settings.cs:Configure; Info/settings.xml positional entry 46,Raw config input; getter clamps/logic and callers may change its effect; live deployment unverified
55,AllowCraftMagic,true,true,Data/Scripts/System/Misc/Settings.cs:Configure; Info/settings.xml positional entry 55,Raw config input; getter clamps/logic and callers may change its effect; live deployment unverified
56,Bribery,50000,50000,Data/Scripts/System/Misc/Settings.cs:Configure; Info/settings.xml positional entry 56,Raw config input; getter clamps/logic and callers may change its effect; live deployment unverified
59,Resources,1,1,Data/Scripts/System/Misc/Settings.cs:Configure; Info/settings.xml positional entry 59,Raw config input; getter clamps/logic and callers may change its effect; live deployment unverified
60,SoldResource,false,false,Data/Scripts/System/Misc/Settings.cs:Configure; Info/settings.xml positional entry 60,Raw config input; getter clamps/logic and callers may change its effect; live deployment unverified
63,HouseStorage,false,true,Data/Scripts/System/Misc/Settings.cs:Configure; Info/settings.xml positional entry 63,Raw config input; getter clamps/logic and callers may change its effect; live deployment unverified
64,CorpseDecay,7,480,Data/Scripts/System/Misc/Settings.cs:Configure; Info/settings.xml positional entry 64,Raw config input; getter clamps/logic and callers may change its effect; live deployment unverified
65,BoneDecay,113,960,Data/Scripts/System/Misc/Settings.cs:Configure; Info/settings.xml positional entry 65,Raw config input; getter clamps/logic and callers may change its effect; live deployment unverified
66,HouseOwners,false,false,Data/Scripts/System/Misc/Settings.cs:Configure; Info/settings.xml positional entry 66,Raw config input; getter clamps/logic and callers may change its effect; live deployment unverified
67,LawnsAllowed,true,true,Data/Scripts/System/Misc/Settings.cs:Configure; Info/settings.xml positional entry 67,Raw config input; getter clamps/logic and callers may change its effect; live deployment unverified
68,ShantysAllowed,true,true,Data/Scripts/System/Misc/Settings.cs:Configure; Info/settings.xml positional entry 68,Raw config input; getter clamps/logic and callers may change its effect; live deployment unverified
69,MonsterCharacters,1,3,Data/Scripts/System/Misc/Settings.cs:Configure; Info/settings.xml positional entry 69,Raw config input; getter clamps/logic and callers may change its effect; live deployment unverified
73,SpecialWeaponAbilSkill,70.0,70.0,Data/Scripts/System/Misc/Settings.cs:Configure; Info/settings.xml positional entry 73,Raw config input; getter clamps/logic and callers may change its effect; live deployment unverified
74,Stables,2,5,Data/Scripts/System/Misc/Settings.cs:Configure; Info/settings.xml positional entry 74,Raw config input; getter clamps/logic and callers may change its effect; live deployment unverified
75,HPModifier,0.0,0.0,Data/Scripts/System/Misc/Settings.cs:Configure; Info/settings.xml positional entry 75,Raw config input; getter clamps/logic and callers may change its effect; live deployment unverified
76,TrainDummies,25.0,25.0,Data/Scripts/System/Misc/Settings.cs:Configure; Info/settings.xml positional entry 76,Raw config input; getter clamps/logic and callers may change its effect; live deployment unverified
77,PickDips,50.0,50.0,Data/Scripts/System/Misc/Settings.cs:Configure; Info/settings.xml positional entry 77,Raw config input; getter clamps/logic and callers may change its effect; live deployment unverified
78,TrainMulti,1,1,Data/Scripts/System/Misc/Settings.cs:Configure; Info/settings.xml positional entry 78,Raw config input; getter clamps/logic and callers may change its effect; live deployment unverified
79,Scary,true,true,Data/Scripts/System/Misc/Settings.cs:Configure; Info/settings.xml positional entry 79,Raw config input; getter clamps/logic and callers may change its effect; live deployment unverified
80,Belly,false,true,Data/Scripts/System/Misc/Settings.cs:Configure; Info/settings.xml positional entry 80,Raw config input; getter clamps/logic and callers may change its effect; live deployment unverified
86,SkillBoost,0,0,Data/Scripts/System/Misc/Settings.cs:Configure; Info/settings.xml positional entry 86,Raw config input; getter clamps/logic and callers may change its effect; live deployment unverified
87,SkillGain,0,0,Data/Scripts/System/Misc/Settings.cs:Configure; Info/settings.xml positional entry 87,Raw config input; getter clamps/logic and callers may change its effect; live deployment unverified
88,FoodCheck,5,5,Data/Scripts/System/Misc/Settings.cs:Configure; Info/settings.xml positional entry 88,Raw config input; getter clamps/logic and callers may change its effect; live deployment unverified
89,BondDays,7,7,Data/Scripts/System/Misc/Settings.cs:Configure; Info/settings.xml positional entry 89,Raw config input; getter clamps/logic and callers may change its effect; live deployment unverified
90,BuyCloth,true,true,Data/Scripts/System/Misc/Settings.cs:Configure; Info/settings.xml positional entry 90,Raw config input; getter clamps/logic and callers may change its effect; live deployment unverified
